"","home_team","away_team","Year","home_score","away_score","outcome","home_foreign","away_foreign"
"1","Germany","Algeria",1982,1,2,"l",1,3
"2","Brazil","Algeria",1986,1,0,"w",2,5
"3","England","Algeria",2010,0,0,"t",3,17
"4","United States","Algeria",2010,1,0,"w",12,17
"5","Germany","Algeria",2014,2,1,"w",17,16
"6","South Korea","Algeria",2014,2,4,"l",0,16
"7","Belgium","Algeria",2014,2,1,"w",12,16
"8","Mexico","Angola",2006,0,0,"t",3,2
"9","Iran","Angola",2006,1,1,"t",2,2
"10","Uruguay","Argentina",1930,4,2,"w",3,2
"11","Sweden","Argentina",1934,3,2,"w",0,1
"13","Hungary","Argentina",1962,0,0,"t",0,2
"14","England","Argentina",1962,3,1,"w",0,2
"15","Germany","Argentina",1966,0,0,"t",22,1
"16","England","Argentina",1966,1,0,"w",2,1
"17","Poland","Argentina",1974,3,2,"w",1,0
"18","Netherlands","Argentina",1974,4,0,"w",0,0
"19","Italy","Argentina",1978,1,0,"w",1,0
"20","Italy","Argentina",1982,2,1,"w",2,0
"21","Italy","Argentina",1986,1,1,"t",0,2
"22","Germany","Argentina",1990,1,0,"w",0,1
"23","Italy","Argentina",1990,1,1,"t",1,1
"24","Yugoslavia","Argentina",1990,0,0,"t",1,1
"25","Brazil","Argentina",1990,0,1,"l",1,1
"26","Romania","Argentina",1994,3,2,"w",2,1
"27","Netherlands","Argentina",1998,2,1,"w",9,2
"28","Sweden","Argentina",2002,1,1,"t",4,1
"29","Germany","Argentina",2006,1,1,"t",23,3
"30","Netherlands","Argentina",2006,0,0,"t",8,3
"31","Greece","Argentina",2010,0,2,"l",4,4
"32","Nigeria","Argentina",2014,2,3,"l",1,3
"33","Germany","Argentina",2014,1,0,"w",17,3
"34","Netherlands","Argentina",2014,0,0,"t",9,3
"35","Nigeria","Argentina",2018,1,2,"l",4,3
"36","France","Argentina",2018,4,3,"w",19,3
"39","Germany","Australia",1974,2,0,"w",7,15
"40","Germany","Australia",1974,2,0,"w",2,15
"41","Brazil","Australia",2006,2,0,"w",1,17
"42","Italy","Australia",2006,1,0,"w",2,17
"43","Croatia","Australia",2006,2,2,"t",23,17
"44","Germany","Australia",2010,4,0,"w",23,14
"45","Ghana","Australia",2010,1,1,"t",3,14
"46","Chile","Australia",2014,3,1,"w",2,13
"47","France","Australia",2018,2,1,"w",19,17
"48","Denmark","Australia",2018,1,1,"t",7,17
"52","Italy","Austria",1934,1,0,"w",5,22
"53","Germany","Austria",1934,3,2,"w",22,22
"54","Germany","Austria",1954,6,1,"w",22,1
"55","Switzerland","Austria",1954,5,7,"l",2,1
"56","Soviet Union","Austria",1958,2,0,"w",0,2
"57","Brazil","Austria",1958,3,0,"w",2,2
"58","England","Austria",1958,2,2,"t",0,2
"59","Netherlands","Austria",1978,5,1,"w",0,0
"60","Italy","Austria",1978,1,0,"w",1,0
"61","Brazil","Austria",1978,1,0,"w",2,0
"62","Germany","Austria",1982,1,0,"w",1,1
"63","Algeria","Austria",1982,0,2,"l",3,1
"64","Chile","Austria",1982,0,1,"l",0,1
"65","Italy","Austria",1990,1,0,"w",1,0
"66","Italy","Austria",1998,2,1,"w",3,1
"67","Cameroon","Austria",1998,1,1,"t",3,1
"68","Chile","Austria",1998,1,1,"t",0,1
"69","Paraguay","Belgium",1930,1,0,"w",0,0
"70","United States","Belgium",1930,3,0,"w",16,0
"71","Germany","Belgium",1934,5,2,"w",22,0
"72","France","Belgium",1938,3,1,"w",14,2
"73","Italy","Belgium",1954,4,1,"w",0,0
"74","England","Belgium",1954,4,4,"t",0,0
"75","Soviet Union","Belgium",1970,4,1,"w",0,1
"76","Mexico","Belgium",1970,1,0,"w",0,1
"77","Argentina","Belgium",1982,0,1,"l",0,1
"78","Poland","Belgium",1982,3,0,"w",0,1
"79","Iraq","Belgium",1986,1,2,"l",0,1
"80","Spain","Belgium",1986,1,1,"t",0,1
"81","Soviet Union","Belgium",1986,3,4,"l",2,1
"82","France","Belgium",1986,4,2,"w",8,1
"83","Argentina","Belgium",1986,2,0,"w",2,1
"84","Paraguay","Belgium",1986,2,2,"t",1,1
"85","England","Belgium",1990,1,0,"w",3,1
"86","Germany","Belgium",1994,3,2,"w",22,2
"87","Netherlands","Belgium",1998,0,0,"t",9,5
"88","Brazil","Belgium",2002,2,0,"w",0,3
"89","Tunisia","Belgium",2002,1,1,"t",2,3
"90","Japan","Belgium",2002,2,2,"t",1,3
"91","Argentina","Belgium",2014,1,0,"w",3,12
"92","South Korea","Belgium",2014,0,1,"l",0,12
"93","France","Belgium",2018,1,0,"w",19,12
"94","Brazil","Belgium",2018,1,2,"l",1,12
"95","England","Belgium",2018,0,1,"l",10,12
"97","Yugoslavia","Bolivia",1930,4,0,"w",17,0
"98","Brazil","Bolivia",1930,4,0,"w",0,0
"99","Uruguay","Bolivia",1950,8,0,"w",3,1
"100","Germany","Bolivia",1994,1,0,"w",22,4
"101","South Korea","Bolivia",1994,0,0,"t",0,4
"102","Nigeria","Bosnia and Herzegovina",2014,1,0,"w",1,23
"103","Argentina","Bosnia and Herzegovina",2014,2,1,"w",3,23
"104","Yugoslavia","Brazil",1930,2,1,"w",17,0
"105","Spain","Brazil",1934,3,1,"w",1,0
"106","Italy","Brazil",1938,2,1,"w",1,1
"107","Uruguay","Brazil",1950,2,1,"w",3,1
"108","Hungary","Brazil",1954,4,2,"w",3,1
"109","Portugal","Brazil",1966,3,1,"w",4,0
"110","Hungary","Brazil",1966,3,1,"w",0,0
"111","Netherlands","Brazil",1974,2,0,"w",0,1
"112","Scotland","Brazil",1974,0,0,"t",2,1
"113","Zaire","Brazil",1974,0,3,"l",22,1
"114","Argentina","Brazil",1974,1,2,"l",0,1
"115","Sweden","Brazil",1978,1,1,"t",0,2
"116","Argentina","Brazil",1978,0,0,"t",0,2
"117","Italy","Brazil",1982,3,2,"w",2,2
"118","Argentina","Brazil",1982,1,3,"l",0,2
"119","Spain","Brazil",1986,0,1,"l",0,2
"120","Ireland","Brazil",1986,0,3,"l",2,2
"121","Sweden","Brazil",1994,0,1,"l",6,1
"122","Netherlands","Brazil",1994,2,3,"l",5,1
"123","England","Brazil",2002,1,2,"l",9,0
"124","Germany","Brazil",2002,0,2,"l",23,0
"125","Costa Rica","Brazil",2002,2,5,"l",0,0
"126","Japan","Brazil",2006,1,4,"l",1,1
"127","Portugal","Brazil",2010,0,0,"t",7,1
"128","Netherlands","Brazil",2010,2,1,"w",12,1
"129","Cameroon","Brazil",2014,1,4,"l",5,0
"130","Serbia","Brazil",2018,0,2,"l",23,1
"133","Argentina","Bulgaria",1962,1,0,"w",2,0
"134","England","Bulgaria",1962,0,0,"t",0,0
"135","Hungary","Bulgaria",1962,6,1,"w",0,0
"136","Hungary","Bulgaria",1966,3,1,"w",0,0
"137","Brazil","Bulgaria",1966,2,0,"w",0,0
"138","Portugal","Bulgaria",1966,3,0,"w",4,0
"139","Germany","Bulgaria",1970,5,2,"w",21,0
"140","Peru","Bulgaria",1970,3,2,"w",0,0
"141","Sweden","Bulgaria",1974,0,0,"t",0,0
"142","Argentina","Bulgaria",1986,2,0,"w",2,0
"143","Mexico","Bulgaria",1986,2,0,"w",1,0
"144","South Korea","Bulgaria",1986,1,1,"t",0,0
"145","Mexico","Bulgaria",1994,1,1,"t",1,0
"146","Sweden","Bulgaria",1994,4,0,"w",6,0
"147","Argentina","Bulgaria",1994,0,2,"l",1,0
"148","Nigeria","Bulgaria",1994,3,0,"w",1,0
"149","Spain","Bulgaria",1998,6,1,"w",2,0
"150","Paraguay","Bulgaria",1998,0,0,"t",2,0
"151","Nigeria","Bulgaria",1998,1,0,"w",0,0
"152","Peru","Cameroon",1982,0,0,"t",1,3
"153","Peru","Cameroon",1982,0,0,"t",1,0
"154","Poland","Cameroon",1982,0,0,"t",0,3
"155","Poland","Cameroon",1982,0,0,"t",0,0
"156","Italy","Cameroon",1982,1,1,"t",2,3
"157","Italy","Cameroon",1982,1,1,"t",2,0
"158","Argentina","Cameroon",1990,0,1,"l",1,10
"159","Argentina","Cameroon",1990,0,1,"l",1,1
"160","England","Cameroon",1990,3,2,"w",3,10
"161","England","Cameroon",1990,3,2,"w",3,1
"162","Russia","Cameroon",1994,6,1,"w",22,1
"163","Russia","Cameroon",1994,6,1,"w",22,17
"164","Brazil","Cameroon",1994,3,0,"w",1,1
"165","Brazil","Cameroon",1994,3,0,"w",1,17
"166","Italy","Cameroon",1998,3,0,"w",3,3
"167","Chile","Cameroon",1998,1,1,"t",0,3
"168","Ireland","Cameroon",2002,1,1,"t",11,3
"169","Japan","Cameroon",2010,1,0,"w",1,4
"170","Mexico","Cameroon",2014,1,0,"w",1,5
"172","Soviet Union","Canada",1986,2,0,"w",2,12
"173","Hungary","Canada",1986,2,0,"w",0,12
"176","Argentina","Chile",1930,3,1,"w",2,0
"177","England","Chile",1950,2,0,"w",1,3
"178","Spain","Chile",1950,2,0,"w",0,3
"179","Brazil","Chile",1962,4,2,"w",0,0
"180","Germany","Chile",1962,2,0,"w",21,0
"181","Soviet Union","Chile",1966,2,1,"w",1,0
"182","Italy","Chile",1966,2,0,"w",1,0
"183","North Korea","Chile",1966,1,1,"t",0,0
"184","Germany","Chile",1974,1,0,"w",2,0
"185","Germany","Chile",1974,1,0,"w",7,0
"186","Australia","Chile",1974,0,0,"t",15,0
"187","Germany","Chile",1982,4,1,"w",1,0
"188","Algeria","Chile",1982,3,2,"w",3,0
"189","Italy","Chile",1998,2,2,"t",3,0
"190","Brazil","Chile",1998,4,1,"w",2,0
"191","Honduras","Chile",2010,0,1,"l",2,3
"192","Brazil","Chile",2010,3,0,"w",1,3
"193","Netherlands","Chile",2014,2,0,"w",9,2
"194","Brazil","Chile",2014,1,1,"t",0,2
"195","Spain","Chile",2014,0,2,"l",2,2
"196","Türkiye","China",2002,3,0,"w",6,1
"197","Brazil","China",2002,4,0,"w",0,1
"198","Uruguay","Colombia",1962,2,1,"w",0,0
"199","Soviet Union","Colombia",1962,4,4,"t",1,0
"200","Yugoslavia","Colombia",1962,5,0,"w",2,0
"201","United Arab Emirates","Colombia",1990,0,2,"l",0,0
"202","Yugoslavia","Colombia",1990,1,0,"w",1,0
"203","Cameroon","Colombia",1990,2,1,"w",1,0
"204","Cameroon","Colombia",1990,2,1,"w",10,0
"205","Germany","Colombia",1990,1,1,"t",0,0
"206","Switzerland","Colombia",1994,0,2,"l",4,0
"207","United States","Colombia",1994,2,1,"w",12,0
"208","Romania","Colombia",1998,1,0,"w",1,0
"209","Japan","Colombia",2014,1,4,"l",1,0
"210","Brazil","Colombia",2014,2,1,"w",0,0
"211","Poland","Colombia",2018,0,3,"l",2,1
"212","Senegal","Colombia",2018,0,1,"l",9,1
"213","Sweden","Costa Rica",1990,1,2,"l",2,1
"215","Brazil","Costa Rica",1990,1,0,"w",1,1
"216","China","Costa Rica",2002,0,2,"l",1,0
"217","Germany","Costa Rica",2006,4,2,"w",23,1
"218","Ecuador","Costa Rica",2006,3,0,"w",2,1
"219","Italy","Costa Rica",2014,0,1,"l",3,2
"220","Uruguay","Costa Rica",2014,1,3,"l",1,2
"221","Netherlands","Costa Rica",2014,0,0,"t",9,2
"222","Brazil","Costa Rica",2018,2,0,"w",1,2
"223","Switzerland","Costa Rica",2018,2,2,"t",15,2
"226","Romania","Croatia",1998,0,1,"l",1,22
"227","Germany","Croatia",1998,0,3,"l",22,22
"228","Netherlands","Croatia",1998,1,2,"l",9,22
"229","France","Croatia",1998,2,1,"w",12,22
"230","Jamaica","Croatia",1998,1,3,"l",8,22
"231","Argentina","Croatia",1998,1,0,"w",2,22
"232","Japan","Croatia",1998,0,1,"l",1,22
"233","Ecuador","Croatia",2002,1,0,"w",0,23
"234","Italy","Croatia",2002,1,2,"l",2,23
"235","Brazil","Croatia",2006,1,0,"w",1,23
"236","Japan","Croatia",2006,0,0,"t",1,23
"237","Brazil","Croatia",2014,3,1,"w",0,19
"238","Cameroon","Croatia",2014,0,4,"l",5,19
"239","France","Croatia",2018,4,2,"w",19,15
"240","Iceland","Croatia",2018,1,2,"l",2,15
"241","Russia","Croatia",2018,2,2,"t",17,15
"242","Argentina","Croatia",2018,0,3,"l",3,15
"246","Sweden","Cuba",1938,8,0,"w",0,4
"267","United States","Czech Republic",2006,0,3,"l",7,23
"268","Scotland","Denmark",1986,0,1,"l",2,0
"269","France","Denmark",1998,2,1,"w",12,2
"270","South Africa","Denmark",1998,1,1,"t",2,2
"271","Saudi Arabia","Denmark",1998,0,1,"l",0,2
"272","Nigeria","Denmark",1998,1,4,"l",0,2
"273","Brazil","Denmark",1998,3,2,"w",2,2
"274","Uruguay","Denmark",2002,1,2,"l",1,2
"275","Netherlands","Denmark",2010,2,0,"w",12,3
"276","Cameroon","Denmark",2010,1,2,"l",4,3
"277","Peru","Denmark",2018,0,1,"l",1,7
"278","Croatia","Denmark",2018,1,1,"t",15,7
"281","Hungary","Dutch East Indies",1938,6,0,"w",22,0
"282","Italy","Ecuador",2002,2,0,"w",2,0
"283","Mexico","Ecuador",2002,2,1,"w",1,0
"284","Poland","Ecuador",2006,0,2,"l",0,2
"285","England","Ecuador",2006,1,0,"w",6,2
"286","Switzerland","Ecuador",2014,2,1,"w",14,0
"287","Honduras","Ecuador",2014,1,2,"l",0,0
"290","Hungary","Egypt",1934,4,2,"w",22,0
"291","Netherlands","Egypt",1990,1,1,"t",9,0
"292","England","Egypt",1990,1,0,"w",3,0
"293","Ireland","Egypt",1990,0,0,"t",16,0
"294","Russia","Egypt",2018,3,1,"w",17,1
"295","Saudi Arabia","Egypt",2018,2,1,"w",0,1
"296","Mexico","El Salvador",1970,4,0,"w",0,0
"297","Soviet Union","El Salvador",1970,2,0,"w",0,0
"298","Belgium","El Salvador",1970,3,0,"w",1,0
"299","Hungary","El Salvador",1982,10,1,"w",0,0
"300","Argentina","El Salvador",1982,2,0,"w",0,0
"301","Belgium","El Salvador",1982,1,0,"w",1,0
"302","United States","England",1950,1,0,"w",9,1
"303","Spain","England",1950,1,0,"w",0,1
"304","Switzerland","England",1954,0,2,"l",2,0
"305","Uruguay","England",1954,4,2,"w",3,0
"306","Soviet Union","England",1958,1,0,"w",0,0
"307","Brazil","England",1958,0,0,"t",2,0
"308","Soviet Union","England",1958,2,2,"t",0,0
"309","Hungary","England",1962,2,1,"w",0,0
"310","Brazil","England",1962,3,1,"w",0,0
"311","Brazil","England",1970,1,0,"w",1,4
"312","Germany","England",1970,3,2,"w",21,4
"313","Spain","England",1982,0,0,"t",1,2
"314","Germany","England",1982,0,0,"t",1,2
"315","Argentina","England",1986,2,1,"w",2,2
"316","Portugal","England",1986,1,0,"w",1,2
"317","Italy","England",1990,2,1,"w",1,3
"318","Germany","England",1990,1,1,"t",0,3
"319","Romania","England",1998,2,1,"w",1,6
"320","Colombia","England",1998,0,2,"l",0,6
"321","Argentina","England",1998,2,2,"t",2,6
"322","Denmark","England",2002,0,3,"l",2,9
"323","Nigeria","England",2002,0,0,"t",1,9
"324","Argentina","England",2002,0,1,"l",1,9
"325","Sweden","England",2006,2,2,"t",5,6
"326","Slovenia","England",2010,0,1,"l",23,3
"327","Germany","England",2010,4,1,"w",23,3
"328","Uruguay","England",2014,2,1,"w",1,9
"329","Costa Rica","England",2014,0,0,"t",2,9
"330","Sweden","England",2018,0,2,"l",6,10
"331","Croatia","England",2018,2,1,"w",15,10
"332","Tunisia","England",2018,1,2,"l",9,10
"333","Colombia","England",2018,1,1,"t",1,10
"334","Belgium","England",2018,2,0,"w",12,10
"336","Chile","France",1930,1,0,"w",0,2
"337","Argentina","France",1930,1,0,"w",2,2
"338","Austria","France",1934,3,2,"w",22,5
"339","Italy","France",1938,3,1,"w",1,14
"340","Yugoslavia","France",1954,1,0,"w",0,9
"341","Yugoslavia","France",1958,3,2,"w",1,5
"342","Brazil","France",1958,5,2,"w",2,5
"343","Uruguay","France",1966,2,1,"w",2,3
"344","England","France",1966,2,0,"w",2,3
"345","Italy","France",1978,2,1,"w",1,6
"346","Argentina","France",1978,2,1,"w",0,6
"347","Austria","France",1982,0,1,"l",1,10
"348","Germany","France",1982,3,3,"t",1,10
"349","Poland","France",1982,3,2,"w",0,10
"350","England","France",1982,3,1,"w",2,10
"351","Canada","France",1986,0,1,"l",12,8
"352","Italy","France",1986,0,2,"l",0,8
"353","Hungary","France",1986,0,3,"l",0,8
"354","Brazil","France",1986,1,1,"t",2,8
"355","Italy","France",1998,0,0,"t",3,12
"356","Brazil","France",1998,0,3,"l",2,12
"357","Denmark","France",2002,2,0,"w",2,12
"358","Portugal","France",2006,0,1,"l",7,14
"359","Togo","France",2006,0,2,"l",6,14
"360","Brazil","France",2006,0,1,"l",1,14
"361","Spain","France",2006,1,3,"l",3,14
"362","Italy","France",2006,1,1,"t",2,14
"363","Uruguay","France",2010,0,0,"t",1,9
"364","Switzerland","France",2014,2,5,"l",14,15
"365","Ecuador","France",2014,0,0,"t",0,15
"366","Denmark","France",2018,0,0,"t",7,19
"367","Uruguay","France",2018,0,2,"l",5,19
"372","Switzerland","Germany",1938,1,1,"t",4,22
"373","Switzerland","Germany",1938,4,2,"w",4,22
"374","Hungary","Germany",1954,8,3,"w",3,22
"375","France","Germany",1958,6,3,"w",5,22
"376","Sweden","Germany",1958,3,1,"w",0,22
"377","Argentina","Germany",1958,1,3,"l",1,22
"378","Yugoslavia","Germany",1962,1,0,"w",2,21
"379","England","Germany",1966,4,2,"w",2,22
"380","Italy","Germany",1970,4,3,"w",1,21
"381","Australia","Germany",1974,0,3,"l",15,7
"382","Australia","Germany",1974,0,3,"l",15,2
"383","Chile","Germany",1974,1,1,"t",0,7
"384","Chile","Germany",1974,1,1,"t",0,2
"385","Germany","Germany",1974,1,0,"w",2,7
"386","Germany","Germany",1974,1,0,"w",2,2
"387","Germany","Germany",1974,1,0,"w",7,7
"388","Germany","Germany",1974,1,0,"w",7,2
"389","Poland","Germany",1974,0,1,"l",1,7
"390","Poland","Germany",1974,0,1,"l",1,2
"391","Yugoslavia","Germany",1974,0,2,"l",0,7
"392","Yugoslavia","Germany",1974,0,2,"l",0,2
"393","Netherlands","Germany",1974,1,2,"l",0,7
"394","Netherlands","Germany",1974,1,2,"l",0,2
"395","Brazil","Germany",1974,1,0,"w",1,7
"396","Brazil","Germany",1974,1,0,"w",1,2
"397","Argentina","Germany",1974,1,1,"t",0,7
"398","Argentina","Germany",1974,1,1,"t",0,2
"399","Austria","Germany",1978,3,2,"w",0,1
"400","Italy","Germany",1982,3,1,"w",2,1
"401","Denmark","Germany",1986,2,0,"w",0,2
"402","Argentina","Germany",1986,3,2,"w",2,2
"403","France","Germany",1986,0,2,"l",8,2
"404","Uruguay","Germany",1986,1,1,"t",0,2
"405","Morocco","Germany",1986,0,1,"l",0,2
"406","Bulgaria","Germany",1994,2,1,"w",0,22
"407","Cameroon","Germany",2002,0,2,"l",3,23
"408","Ecuador","Germany",2006,0,3,"l",2,23
"409","Uruguay","Germany",2010,2,3,"l",1,23
"410","Ghana","Germany",2010,0,1,"l",3,23
"411","Argentina","Germany",2010,0,4,"l",4,23
"412","France","Germany",2014,0,1,"l",15,17
"413","United States","Germany",2014,0,1,"l",13,17
"414","Brazil","Germany",2014,1,7,"l",0,17
"415","South Korea","Germany",2018,2,0,"w",0,16
"418","Czech Republic","Ghana",2006,0,2,"l",23,1
"419","Italy","Ghana",2006,2,0,"w",2,1
"420","Brazil","Ghana",2006,3,0,"w",1,1
"421","Uruguay","Ghana",2010,1,1,"t",1,3
"422","United States","Ghana",2010,1,2,"l",12,3
"423","Serbia","Ghana",2010,0,1,"l",23,3
"424","Portugal","Ghana",2014,2,1,"w",5,5
"425","Germany","Ghana",2014,2,2,"t",17,5
"428","Argentina","Greece",1994,4,0,"w",1,2
"429","Bulgaria","Greece",1994,4,0,"w",0,2
"430","South Korea","Greece",2010,2,0,"w",1,4
"431","Japan","Greece",2014,0,0,"t",1,5
"432","Colombia","Greece",2014,3,0,"w",0,5
"433","Costa Rica","Greece",2014,1,1,"t",2,5
"434","Argentina","Haiti",1974,4,1,"w",0,0
"435","Italy","Haiti",1974,3,1,"w",2,0
"436","Spain","Honduras",1982,1,1,"t",1,0
"437","Switzerland","Honduras",2010,0,0,"t",10,2
"438","Spain","Honduras",2010,2,0,"w",3,2
"439","France","Honduras",2014,3,0,"w",15,0
"440","Austria","Hungary",1934,2,1,"w",22,22
"441","Italy","Hungary",1938,4,2,"w",1,22
"442","Germany","Hungary",1954,3,2,"w",22,3
"443","Wales","Hungary",1958,2,1,"w",0,0
"444","Sweden","Hungary",1958,2,1,"w",0,0
"446","Soviet Union","Hungary",1966,2,1,"w",1,0
"447","Portugal","Hungary",1966,3,1,"w",4,0
"448","Italy","Hungary",1978,3,1,"w",1,0
"449","France","Hungary",1978,3,1,"w",6,0
"450","Argentina","Hungary",1978,2,1,"w",0,0
"451","Belgium","Hungary",1982,1,1,"t",1,0
"452","Argentina","Hungary",1982,4,1,"w",0,0
"453","Soviet Union","Hungary",1986,6,0,"w",2,0
"454","Nigeria","Iceland",2018,2,0,"w",4,2
"455","Argentina","Iceland",2018,1,1,"t",3,2
"456","Scotland","Iran",1978,1,1,"t",1,1
"457","Peru","Iran",1978,4,1,"w",1,1
"458","Netherlands","Iran",1978,3,0,"w",0,1
"459","Germany","Iran",1998,2,0,"w",22,1
"460","United States","Iran",1998,1,2,"l",11,1
"461","Yugoslavia","Iran",1998,1,0,"w",22,1
"462","Portugal","Iran",2006,2,0,"w",7,2
"463","Mexico","Iran",2006,3,1,"w",3,2
"464","Bosnia and Herzegovina","Iran",2014,3,1,"w",23,3
"465","Argentina","Iran",2014,1,0,"w",3,3
"466","Morocco","Iran",2018,0,1,"l",18,1
"469","Paraguay","Iraq",1986,1,0,"w",1,0
"470","France","Ireland",1958,4,0,"w",5,0
"471","Argentina","Ireland",1958,3,1,"w",1,0
"472","Germany","Ireland",1958,2,2,"t",22,0
"473","France","Ireland",1982,4,1,"w",10,2
"474","Honduras","Ireland",1982,1,1,"t",0,2
"475","Yugoslavia","Ireland",1982,0,0,"t",0,2
"476","Austria","Ireland",1982,2,2,"t",1,2
"477","Algeria","Ireland",1986,1,1,"t",5,2
"478","England","Ireland",1990,1,1,"t",3,16
"479","Italy","Ireland",1990,1,0,"w",1,16
"480","Italy","Ireland",1994,0,1,"l",1,15
"481","Netherlands","Ireland",1994,2,0,"w",5,15
"482","Mexico","Ireland",1994,2,1,"w",1,15
"483","Spain","Ireland",2002,1,1,"t",1,11
"484","Saudi Arabia","Ireland",2002,0,3,"l",0,11
"485","Germany","Ireland",2002,1,1,"t",23,11
"486","Sweden","Israel",1970,1,1,"t",11,7
"487","Uruguay","Israel",1970,2,0,"w",1,7
"488","Sweden","Israel",1970,1,1,"t",0,7
"489","Italy","Israel",1970,0,0,"t",1,7
"490","Sweden","Italy",1950,3,2,"w",0,0
"491","Switzerland","Italy",1954,2,1,"w",2,0
"492","Switzerland","Italy",1954,4,1,"w",2,0
"493","Chile","Italy",1962,2,0,"w",0,6
"494","Germany","Italy",1962,0,0,"t",21,6
"495","Soviet Union","Italy",1966,1,0,"w",1,1
"496","North Korea","Italy",1966,1,0,"w",0,1
"497","Uruguay","Italy",1970,0,0,"t",1,1
"498","Brazil","Italy",1970,4,1,"w",1,1
"499","Poland","Italy",1974,2,1,"w",1,2
"500","Argentina","Italy",1974,1,1,"t",0,2
"501","Brazil","Italy",1978,2,1,"w",2,1
"502","Germany","Italy",1978,0,0,"t",1,1
"503","Netherlands","Italy",1978,2,1,"w",0,1
"504","Poland","Italy",1982,0,2,"l",0,2
"505","Bulgaria","Italy",1986,1,1,"t",0,0
"506","South Korea","Italy",1986,2,3,"l",0,0
"507","Nigeria","Italy",1994,1,2,"l",1,1
"508","Bulgaria","Italy",1994,1,2,"l",0,1
"509","Brazil","Italy",1994,0,0,"t",1,1
"510","Mexico","Italy",2002,1,1,"t",1,2
"511","South Korea","Italy",2002,2,1,"w",1,2
"512","Czech Republic","Italy",2006,0,2,"l",23,2
"513","Germany","Italy",2006,0,2,"l",23,2
"514","Slovakia","Italy",2010,3,2,"w",23,2
"515","England","Italy",2014,1,2,"l",9,3
"516","Argentina","Ivory Coast",2006,2,1,"w",3,4
"517","Netherlands","Ivory Coast",2006,2,1,"w",8,4
"518","Brazil","Ivory Coast",2010,3,1,"w",1,2
"519","North Korea","Ivory Coast",2010,0,3,"l",2,2
"520","Greece","Ivory Coast",2014,2,1,"w",5,5
"521","Colombia","Ivory Coast",2014,2,1,"w",0,5
"522","Japan","Jamaica",1998,1,2,"l",1,8
"523","Argentina","Jamaica",1998,5,0,"w",2,8
"524","Argentina","Japan",1998,1,0,"w",2,1
"525","Tunisia","Japan",2002,0,2,"l",2,1
"526","Australia","Japan",2006,3,1,"w",17,1
"527","Netherlands","Japan",2010,1,0,"w",12,1
"528","Denmark","Japan",2010,1,3,"l",3,1
"529","Paraguay","Japan",2010,0,0,"t",3,1
"530","Ivory Coast","Japan",2014,2,1,"w",5,1
"531","Belgium","Japan",2018,3,2,"w",12,1
"532","Colombia","Japan",2018,1,2,"l",1,1
"534","England","Kuwait",1982,1,0,"w",2,1
"535","France","Kuwait",1982,4,1,"w",10,1
"537","France","Mexico",1930,4,1,"w",2,1
"538","Chile","Mexico",1930,3,0,"w",0,1
"539","Argentina","Mexico",1930,6,3,"w",2,1
"540","Switzerland","Mexico",1950,2,1,"w",4,1
"541","Brazil","Mexico",1950,4,0,"w",1,1
"542","Yugoslavia","Mexico",1950,4,1,"w",0,1
"543","Brazil","Mexico",1954,5,0,"w",1,2
"544","France","Mexico",1954,3,2,"w",9,2
"545","Hungary","Mexico",1958,4,0,"w",0,2
"546","Sweden","Mexico",1958,3,0,"w",0,2
"547","Brazil","Mexico",1962,2,0,"w",0,0
"548","Spain","Mexico",1962,1,0,"w",4,0
"549","France","Mexico",1966,1,1,"t",3,0
"550","Uruguay","Mexico",1966,0,0,"t",2,0
"551","England","Mexico",1966,2,0,"w",2,0
"552","Italy","Mexico",1970,4,1,"w",1,0
"553","Poland","Mexico",1978,3,1,"w",1,0
"554","Tunisia","Mexico",1978,3,1,"w",0,0
"555","Germany","Mexico",1978,6,0,"w",1,0
"556","Iraq","Mexico",1986,0,1,"l",0,1
"557","Germany","Mexico",1986,0,0,"t",2,1
"558","Belgium","Mexico",1986,1,2,"l",1,1
"559","Norway","Mexico",1994,1,0,"w",1,1
"560","Italy","Mexico",1994,1,1,"t",1,1
"561","Netherlands","Mexico",1998,2,2,"t",9,1
"562","Germany","Mexico",1998,2,1,"w",22,1
"563","South Korea","Mexico",1998,1,3,"l",1,1
"564","Belgium","Mexico",1998,2,2,"t",5,1
"565","Croatia","Mexico",2002,0,1,"l",23,1
"566","Portugal","Mexico",2006,2,1,"w",7,3
"567","Argentina","Mexico",2006,2,1,"w",3,3
"568","Argentina","Mexico",2010,3,1,"w",4,1
"569","South Africa","Mexico",2010,1,1,"t",1,1
"570","France","Mexico",2010,0,2,"l",9,1
"571","Brazil","Mexico",2014,0,0,"t",0,1
"572","Croatia","Mexico",2014,1,3,"l",19,1
"573","Netherlands","Mexico",2014,2,1,"w",9,1
"574","Germany","Mexico",2018,0,1,"l",16,1
"575","South Korea","Mexico",2018,1,2,"l",0,1
"576","Brazil","Mexico",2018,2,0,"w",1,1
"579","Germany","Morocco",1970,2,1,"w",21,0
"580","Bulgaria","Morocco",1970,1,1,"t",0,0
"581","Peru","Morocco",1970,3,0,"w",0,0
"582","Portugal","Morocco",1986,1,3,"l",1,0
"583","England","Morocco",1986,0,0,"t",2,0
"584","Belgium","Morocco",1994,1,0,"w",2,0
"585","Saudi Arabia","Morocco",1994,2,1,"w",0,0
"586","Scotland","Morocco",1998,0,3,"l",3,2
"587","Brazil","Morocco",1998,3,0,"w",2,2
"588","Spain","Morocco",2018,2,2,"t",5,18
"589","Portugal","Morocco",2018,1,0,"w",10,18
"594","Switzerland","Netherlands",1934,3,2,"w",0,1
"596","Germany","Netherlands",1974,0,2,"l",7,0
"597","Uruguay","Netherlands",1974,0,2,"l",1,0
"598","Bulgaria","Netherlands",1974,1,4,"l",0,0
"599","Germany","Netherlands",1974,0,2,"l",2,0
"600","Argentina","Netherlands",1978,3,1,"w",0,0
"601","Germany","Netherlands",1978,2,2,"t",1,0
"602","Scotland","Netherlands",1978,3,2,"w",1,0
"603","England","Netherlands",1990,0,0,"t",3,9
"604","Germany","Netherlands",1990,2,1,"w",0,9
"605","Ireland","Netherlands",1990,1,1,"t",16,9
"606","Morocco","Netherlands",1994,1,2,"l",0,5
"607","Belgium","Netherlands",1994,1,0,"w",2,5
"608","Brazil","Netherlands",1998,1,1,"t",2,9
"609","Serbia and Montenegro","Netherlands",2006,0,1,"l",23,8
"610","Portugal","Netherlands",2006,1,0,"w",7,8
"611","Uruguay","Netherlands",2010,2,3,"l",1,12
"612","Cameroon","Netherlands",2010,1,2,"l",4,12
"613","Australia","Netherlands",2014,2,3,"l",13,9
"614","Brazil","Netherlands",2014,0,3,"l",0,9
"615","Spain","Netherlands",2014,1,5,"l",2,9
"617","Scotland","New Zealand",1982,5,2,"w",0,12
"618","Soviet Union","New Zealand",1982,3,0,"w",2,12
"619","Brazil","New Zealand",1982,4,0,"w",2,12
"620","Italy","New Zealand",2010,1,1,"t",2,8
"621","Paraguay","New Zealand",2010,0,0,"t",3,8
"622","Argentina","Nigeria",1994,2,1,"w",1,1
"623","Greece","Nigeria",1994,0,2,"l",2,1
"624","Spain","Nigeria",1998,2,3,"l",2,0
"625","Sweden","Nigeria",2002,2,1,"w",4,1
"626","Argentina","Nigeria",2002,1,0,"w",1,1
"627","Argentina","Nigeria",2010,1,0,"w",4,1
"628","Greece","Nigeria",2010,2,1,"w",4,1
"629","France","Nigeria",2014,2,0,"w",15,1
"630","Iran","Nigeria",2014,0,0,"t",3,1
"631","Croatia","Nigeria",2018,2,0,"w",15,4
"632","Portugal","North Korea",1966,5,3,"w",4,0
"633","Soviet Union","North Korea",1966,3,0,"w",1,0
"634","Brazil","North Korea",2010,2,1,"w",1,2
"635","Portugal","North Korea",2010,7,0,"w",7,2
"636","Italy","Norway",1938,2,1,"w",1,0
"637","Ireland","Norway",1994,0,0,"t",15,1
"638","Italy","Norway",1994,1,0,"w",1,1
"639","Morocco","Norway",1998,2,2,"t",2,1
"640","Italy","Norway",1998,1,0,"w",3,1
"641","Scotland","Norway",1998,1,1,"t",3,1
"642","Brazil","Norway",1998,1,2,"l",2,1
"643","England","Panama",2018,6,1,"w",10,0
"644","Belgium","Panama",2018,3,0,"w",12,0
"645","United States","Paraguay",1930,3,0,"w",16,0
"646","Italy","Paraguay",1950,2,0,"w",0,0
"647","Sweden","Paraguay",1950,2,2,"t",0,0
"648","France","Paraguay",1958,7,3,"w",5,0
"649","England","Paraguay",1986,3,0,"w",2,1
"650","Mexico","Paraguay",1986,1,1,"t",1,1
"651","Nigeria","Paraguay",1998,1,3,"l",0,2
"652","Spain","Paraguay",1998,0,0,"t",2,2
"653","France","Paraguay",1998,1,0,"w",12,2
"654","Spain","Paraguay",2002,3,1,"w",1,1
"655","Germany","Paraguay",2002,1,0,"w",23,1
"656","Slovenia","Paraguay",2002,1,3,"l",23,1
"657","Sweden","Paraguay",2006,1,0,"w",5,1
"658","England","Paraguay",2006,1,0,"w",6,1
"659","Slovakia","Paraguay",2010,0,2,"l",23,3
"660","Italy","Paraguay",2010,1,1,"t",2,3
"661","Uruguay","Peru",1930,1,0,"w",3,1
"662","Romania","Peru",1930,3,1,"w",15,1
"663","Germany","Peru",1970,3,1,"w",21,0
"664","Brazil","Peru",1970,4,2,"w",1,0
"665","Argentina","Peru",1978,6,0,"w",0,1
"666","Brazil","Peru",1978,3,0,"w",2,1
"667","Netherlands","Peru",1978,0,0,"t",0,1
"668","Poland","Peru",1978,1,0,"w",1,1
"669","Poland","Peru",1982,5,1,"w",0,1
"670","Italy","Peru",1982,1,1,"t",2,1
"671","Australia","Peru",2018,0,2,"l",17,1
"672","France","Peru",2018,1,0,"w",19,1
"673","Brazil","Poland",1938,6,5,"w",1,2
"674","Haiti","Poland",1974,0,7,"l",0,1
"675","Brazil","Poland",1974,0,1,"l",1,1
"676","Sweden","Poland",1974,0,1,"l",0,1
"677","Argentina","Poland",1978,2,0,"w",0,1
"678","Germany","Poland",1978,0,0,"t",1,1
"679","Brazil","Poland",1978,3,1,"w",2,1
"680","Italy","Poland",1982,0,0,"t",2,0
"681","England","Poland",1986,3,0,"w",2,0
"682","Brazil","Poland",1986,4,0,"w",2,0
"683","Morocco","Poland",1986,0,0,"t",0,0
"684","South Korea","Poland",2002,2,0,"w",1,1
"685","Portugal","Poland",2002,4,0,"w",4,1
"686","Germany","Poland",2006,1,0,"w",23,0
"687","Costa Rica","Poland",2006,1,2,"l",1,0
"688","Japan","Poland",2018,0,1,"l",1,2
"691","England","Portugal",1966,2,1,"w",2,4
"692","Poland","Portugal",1986,1,0,"w",0,1
"693","United States","Portugal",2002,3,2,"w",9,4
"694","England","Portugal",2006,0,0,"t",6,7
"695","Germany","Portugal",2006,3,1,"w",23,7
"696","Angola","Portugal",2006,0,1,"l",2,7
"697","Spain","Portugal",2010,1,0,"w",3,7
"698","Ivory Coast","Portugal",2010,0,0,"t",2,7
"699","Germany","Portugal",2014,4,0,"w",17,5
"700","United States","Portugal",2014,2,2,"t",13,5
"701","Uruguay","Portugal",2018,2,1,"w",5,10
"702","Iran","Portugal",2018,1,1,"t",1,10
"706","Uruguay","Romania",1930,4,0,"w",3,15
"708","Cuba","Romania",1938,2,1,"w",4,22
"709","Cuba","Romania",1938,3,3,"t",4,22
"710","England","Romania",1970,1,0,"w",4,0
"711","Brazil","Romania",1970,3,2,"w",1,0
"712","Ireland","Romania",1990,0,0,"t",16,0
"713","Argentina","Romania",1990,1,1,"t",1,0
"714","Cameroon","Romania",1990,2,1,"w",1,0
"715","Soviet Union","Romania",1990,0,2,"l",1,0
"716","Cameroon","Romania",1990,2,1,"w",10,0
"717","United States","Romania",1994,0,1,"l",12,2
"718","Colombia","Romania",1994,1,3,"l",0,2
"719","Brazil","Russia",1994,2,0,"w",1,22
"720","Sweden","Russia",1994,3,1,"w",6,22
"721","Japan","Russia",2002,1,0,"w",1,23
"722","Belgium","Russia",2002,3,2,"w",3,23
"723","Algeria","Russia",2014,1,1,"t",16,22
"724","Belgium","Russia",2014,1,0,"w",12,22
"725","Uruguay","Russia",2018,3,0,"w",5,17
"726","Spain","Russia",2018,1,1,"t",5,17
"727","Belgium","Saudi Arabia",1994,0,1,"l",2,0
"728","Netherlands","Saudi Arabia",1994,2,1,"w",5,0
"729","South Africa","Saudi Arabia",1998,2,2,"t",2,0
"730","France","Saudi Arabia",1998,4,0,"w",12,0
"731","Germany","Saudi Arabia",2002,8,0,"w",23,0
"732","Cameroon","Saudi Arabia",2002,1,0,"w",3,0
"733","Tunisia","Saudi Arabia",2006,2,2,"t",8,0
"734","Uruguay","Saudi Arabia",2018,1,0,"w",5,0
"735","Russia","Saudi Arabia",2018,5,0,"w",17,0
"738","Uruguay","Scotland",1954,7,0,"w",3,0
"739","Austria","Scotland",1954,1,0,"w",1,0
"740","Paraguay","Scotland",1958,3,2,"w",0,1
"741","France","Scotland",1958,2,1,"w",5,1
"742","Yugoslavia","Scotland",1958,1,1,"t",1,1
"743","Zaire","Scotland",1974,0,2,"l",22,2
"744","Peru","Scotland",1978,3,1,"w",1,1
"745","Soviet Union","Scotland",1982,2,2,"t",2,0
"746","Brazil","Scotland",1982,4,1,"w",2,0
"747","Germany","Scotland",1986,2,1,"w",2,2
"748","Sweden","Scotland",1990,1,2,"l",2,3
"749","Costa Rica","Scotland",1990,1,0,"w",1,3
"750","Brazil","Scotland",1990,1,0,"w",1,3
"751","Brazil","Scotland",1998,2,1,"w",2,3
"752","France","Senegal",2002,0,1,"l",12,7
"753","Denmark","Senegal",2002,1,1,"t",2,7
"754","Sweden","Senegal",2002,1,2,"l",4,7
"755","Poland","Senegal",2018,1,2,"l",2,9
"756","Japan","Senegal",2018,2,2,"t",1,9
"760","Germany","Serbia",2010,0,1,"l",23,23
"761","Australia","Serbia",2010,2,1,"w",14,23
"762","Costa Rica","Serbia",2018,0,1,"l",2,23
"765","Argentina","Serbia and Montenegro",2006,6,0,"w",3,23
"766","Ivory Coast","Serbia and Montenegro",2006,3,2,"w",4,23
"767","Netherlands","Slovakia",2010,2,1,"w",12,23
"768","New Zealand","Slovakia",2010,1,1,"t",8,23
"769","Spain","Slovenia",2002,3,1,"w",1,23
"770","South Africa","Slovenia",2002,1,0,"w",3,23
"771","Algeria","Slovenia",2010,0,1,"l",17,23
"772","France","South Africa",1998,3,0,"w",12,2
"773","Paraguay","South Africa",2002,2,2,"t",1,3
"774","France","South Africa",2010,1,2,"l",9,1
"775","Hungary","South Korea",1954,9,0,"w",3,20
"776","Türkiye","South Korea",1954,7,0,"w",2,20
"777","Argentina","South Korea",1986,3,1,"w",2,0
"778","Belgium","South Korea",1990,2,0,"w",1,0
"779","Germany","South Korea",1994,3,2,"w",22,0
"780","Spain","South Korea",1994,2,2,"t",0,0
"781","Netherlands","South Korea",1998,5,0,"w",9,1
"782","Belgium","South Korea",1998,1,1,"t",5,1
"783","Spain","South Korea",2002,0,0,"t",1,1
"784","Germany","South Korea",2002,1,0,"w",23,1
"785","Portugal","South Korea",2002,0,1,"l",4,1
"786","Switzerland","South Korea",2006,2,0,"w",10,0
"787","France","South Korea",2006,1,1,"t",14,0
"788","Uruguay","South Korea",2010,2,1,"w",1,1
"789","Nigeria","South Korea",2010,2,2,"t",1,1
"790","Argentina","South Korea",2010,4,1,"w",4,1
"791","Russia","South Korea",2014,1,1,"t",22,0
"792","Sweden","South Korea",2018,1,0,"w",6,0
"795","Sweden","Soviet Union",1958,2,0,"w",0,0
"796","Brazil","Soviet Union",1958,2,0,"w",2,0
"797","Chile","Soviet Union",1962,2,1,"w",0,1
"798","Germany","Soviet Union",1966,2,1,"w",22,1
"799","Portugal","Soviet Union",1966,2,1,"w",4,1
"800","Mexico","Soviet Union",1970,0,0,"t",0,0
"801","Uruguay","Soviet Union",1970,1,0,"w",1,0
"802","Belgium","Soviet Union",1982,0,1,"l",1,2
"803","Poland","Soviet Union",1982,0,0,"t",0,2
"804","Brazil","Soviet Union",1982,2,1,"w",2,2
"805","France","Soviet Union",1986,1,1,"t",8,2
"806","Cameroon","Soviet Union",1990,0,4,"l",10,1
"807","Argentina","Soviet Union",1990,2,0,"w",1,1
"808","Cameroon","Soviet Union",1990,0,4,"l",1,1
"809","Italy","Spain",1934,1,0,"w",5,1
"810","Italy","Spain",1934,1,1,"t",5,1
"811","Brazil","Spain",1950,6,1,"w",1,0
"812","Uruguay","Spain",1950,2,2,"t",3,0
"813","Sweden","Spain",1950,3,1,"w",0,0
"814","Brazil","Spain",1962,2,1,"w",0,4
"816","Argentina","Spain",1966,2,1,"w",1,0
"817","Germany","Spain",1966,2,1,"w",22,0
"818","Austria","Spain",1978,2,1,"w",0,1
"819","Brazil","Spain",1978,0,0,"t",2,1
"820","Ireland","Spain",1982,1,0,"w",2,1
"821","Germany","Spain",1982,2,1,"w",1,1
"822","Denmark","Spain",1986,1,5,"l",0,0
"823","Algeria","Spain",1986,0,3,"l",5,0
"824","Ireland","Spain",1986,1,2,"l",2,0
"825","Belgium","Spain",1990,1,2,"l",1,0
"826","Uruguay","Spain",1990,0,0,"t",0,0
"827","South Korea","Spain",1990,1,3,"l",0,0
"828","Germany","Spain",1994,1,1,"t",22,0
"829","Bolivia","Spain",1994,1,3,"l",4,0
"830","Italy","Spain",1994,2,1,"w",1,0
"831","South Africa","Spain",2002,2,3,"l",3,1
"832","Saudi Arabia","Spain",2006,0,1,"l",0,3
"833","Netherlands","Spain",2010,0,1,"l",12,3
"834","Chile","Spain",2010,1,2,"l",3,3
"835","Paraguay","Spain",2010,0,1,"l",3,3
"836","Germany","Spain",2010,0,1,"l",23,3
"837","Australia","Spain",2014,0,3,"l",13,2
"838","Iran","Spain",2018,0,1,"l",1,5
"839","Portugal","Spain",2018,3,3,"t",10,5
"842","Germany","Sweden",1934,2,1,"w",22,0
"843","Hungary","Sweden",1938,5,1,"w",22,0
"844","Brazil","Sweden",1938,4,2,"w",1,0
"845","Uruguay","Sweden",1950,3,2,"w",3,0
"846","Brazil","Sweden",1950,7,1,"w",1,0
"847","Brazil","Sweden",1958,5,2,"w",2,0
"848","Italy","Sweden",1970,1,0,"w",1,11
"849","Italy","Sweden",1970,1,0,"w",1,0
"850","Germany","Sweden",1974,4,2,"w",2,0
"851","Germany","Sweden",1974,4,2,"w",7,0
"852","Netherlands","Sweden",1974,0,0,"t",0,0
"853","Spain","Sweden",1978,1,0,"w",1,0
"854","Austria","Sweden",1978,1,0,"w",0,0
"855","Brazil","Sweden",1990,2,1,"w",1,2
"856","Saudi Arabia","Sweden",1994,1,3,"l",0,6
"857","Cameroon","Sweden",1994,2,2,"t",17,6
"858","Cameroon","Sweden",1994,2,2,"t",1,6
"859","Romania","Sweden",1994,2,2,"t",2,6
"860","Brazil","Sweden",1994,1,1,"t",1,6
"861","England","Sweden",2002,1,1,"t",9,4
"862","Germany","Sweden",2006,2,0,"w",23,5
"863","Trinidad and Tobago","Sweden",2006,0,0,"t",3,5
"864","Germany","Sweden",2018,2,1,"w",16,6
"865","Mexico","Sweden",2018,0,3,"l",1,6
"867","Hungary","Switzerland",1938,2,0,"w",22,4
"868","Yugoslavia","Switzerland",1950,3,0,"w",0,4
"869","Brazil","Switzerland",1950,2,2,"t",1,4
"870","Italy","Switzerland",1962,3,0,"w",6,2
"871","Germany","Switzerland",1962,2,1,"w",21,2
"872","Chile","Switzerland",1962,3,1,"w",0,2
"873","Argentina","Switzerland",1966,2,0,"w",1,0
"874","Spain","Switzerland",1966,2,1,"w",0,0
"875","Germany","Switzerland",1966,5,0,"w",22,0
"876","Spain","Switzerland",1994,3,0,"w",0,4
"877","United States","Switzerland",1994,1,1,"t",12,4
"878","Romania","Switzerland",1994,1,4,"l",2,4
"879","Togo","Switzerland",2006,0,2,"l",6,10
"880","France","Switzerland",2006,0,0,"t",14,10
"881","Spain","Switzerland",2010,0,1,"l",3,10
"882","Chile","Switzerland",2010,1,0,"w",3,10
"883","Argentina","Switzerland",2014,1,0,"w",3,14
"884","Honduras","Switzerland",2014,0,3,"l",0,14
"885","Serbia","Switzerland",2018,1,2,"l",23,15
"886","Brazil","Switzerland",2018,1,1,"t",1,15
"887","Sweden","Switzerland",2018,1,0,"w",6,15
"891","South Korea","Togo",2006,2,1,"w",0,6
"892","Paraguay","Trinidad and Tobago",2006,2,0,"w",1,3
"893","England","Trinidad and Tobago",2006,2,0,"w",6,3
"894","Poland","Tunisia",1978,1,0,"w",1,0
"895","Germany","Tunisia",1978,0,0,"t",1,0
"896","Colombia","Tunisia",1998,1,0,"w",0,1
"897","England","Tunisia",1998,2,0,"w",6,1
"898","Romania","Tunisia",1998,1,1,"t",1,1
"899","Russia","Tunisia",2002,2,0,"w",23,2
"900","Spain","Tunisia",2006,3,1,"w",3,8
"901","Ukraine","Tunisia",2006,1,0,"w",24,8
"902","Belgium","Tunisia",2018,5,2,"w",12,9
"903","Panama","Tunisia",2018,1,2,"l",0,9
"905","Germany","Türkiye",1954,7,2,"w",22,2
"906","Germany","Türkiye",1954,4,1,"w",22,2
"907","Brazil","Türkiye",2002,2,1,"w",0,6
"908","South Korea","Türkiye",2002,2,3,"l",1,6
"909","Brazil","Türkiye",2002,1,0,"w",0,6
"910","Senegal","Türkiye",2002,0,1,"l",7,6
"911","Japan","Türkiye",2002,0,1,"l",1,6
"912","Costa Rica","Türkiye",2002,1,1,"t",0,6
"913","Spain","Ukraine",2006,4,0,"w",3,24
"914","Italy","Ukraine",2006,3,0,"w",2,24
"915","Switzerland","Ukraine",2006,0,0,"t",10,24
"916","Saudi Arabia","Ukraine",2006,0,4,"l",0,24
"917","Yugoslavia","United Arab Emirates",1990,4,1,"w",1,0
"918","Germany","United Arab Emirates",1990,5,1,"w",0,0
"919","Argentina","United States",1930,6,1,"w",2,16
"920","Italy","United States",1934,7,1,"w",5,19
"921","Chile","United States",1950,5,2,"w",3,9
"922","Spain","United States",1950,3,1,"w",0,9
"923","Austria","United States",1990,2,1,"w",0,5
"924","Italy","United States",1990,1,0,"w",1,5
"925","Brazil","United States",1994,1,0,"w",1,12
"926","Germany","United States",1998,2,0,"w",22,11
"927","Poland","United States",2002,3,1,"w",1,9
"928","South Korea","United States",2002,1,1,"t",1,9
"929","Mexico","United States",2002,0,2,"l",1,9
"930","Germany","United States",2002,1,0,"w",23,9
"931","Ghana","United States",2006,2,1,"w",1,7
"932","Italy","United States",2006,1,1,"t",2,7
"933","England","United States",2010,1,1,"t",3,12
"934","Slovenia","United States",2010,2,2,"t",23,12
"935","Belgium","United States",2014,2,1,"w",12,13
"936","Ghana","United States",2014,1,2,"l",5,13
"940","Austria","Uruguay",1954,3,1,"w",1,3
"941","Hungary","Uruguay",1954,4,2,"w",3,3
"942","Yugoslavia","Uruguay",1962,3,1,"w",2,0
"943","Soviet Union","Uruguay",1962,2,1,"w",1,0
"944","Germany","Uruguay",1966,4,0,"w",22,2
"945","England","Uruguay",1966,0,0,"t",2,2
"946","Germany","Uruguay",1970,1,0,"w",21,1
"947","Brazil","Uruguay",1970,3,1,"w",1,1
"948","Sweden","Uruguay",1970,1,0,"w",11,1
"949","Sweden","Uruguay",1970,1,0,"w",0,1
"950","Sweden","Uruguay",1974,3,0,"w",0,1
"951","Bulgaria","Uruguay",1974,1,1,"t",0,1
"952","Scotland","Uruguay",1986,0,0,"t",2,0
"953","Argentina","Uruguay",1986,1,0,"w",2,0
"954","Denmark","Uruguay",1986,6,1,"w",0,0
"955","Belgium","Uruguay",1990,3,1,"w",1,0
"956","South Korea","Uruguay",1990,0,1,"l",0,0
"957","Italy","Uruguay",1990,2,0,"w",1,0
"958","France","Uruguay",2002,0,0,"t",12,1
"959","Senegal","Uruguay",2002,3,3,"t",7,1
"960","Mexico","Uruguay",2010,0,1,"l",1,1
"961","South Africa","Uruguay",2010,0,3,"l",1,1
"962","Italy","Uruguay",2014,0,1,"l",3,1
"963","Colombia","Uruguay",2014,2,0,"w",0,1
"964","Egypt","Uruguay",2018,0,1,"l",1,5
"967","Brazil","Wales",1958,1,0,"w",2,0
"968","Sweden","Wales",1958,0,0,"t",0,0
"969","Mexico","Wales",1958,1,1,"t",2,0
"970","Hungary","Wales",1958,1,1,"t",0,0
"972","Uruguay","Yugoslavia",1930,6,1,"w",3,17
"973","Brazil","Yugoslavia",1950,2,0,"w",1,0
"974","Germany","Yugoslavia",1954,2,0,"w",22,0
"975","Brazil","Yugoslavia",1954,1,1,"t",1,0
"976","Germany","Yugoslavia",1958,1,0,"w",22,1
"977","Paraguay","Yugoslavia",1958,3,3,"t",0,1
"979","Chile","Yugoslavia",1962,1,0,"w",0,2
"980","Soviet Union","Yugoslavia",1962,2,0,"w",1,2
"981","Poland","Yugoslavia",1974,2,1,"w",1,0
"982","Sweden","Yugoslavia",1974,2,1,"w",0,0
"983","Brazil","Yugoslavia",1974,0,0,"t",1,0
"984","Scotland","Yugoslavia",1974,1,1,"t",2,0
"985","Honduras","Yugoslavia",1982,0,1,"l",0,0
"986","Spain","Yugoslavia",1982,2,1,"w",1,0
"987","Spain","Yugoslavia",1990,1,2,"l",0,1
"988","Germany","Yugoslavia",1990,4,1,"w",0,1
"989","United States","Yugoslavia",1998,0,1,"l",11,22
"990","Netherlands","Yugoslavia",1998,2,1,"w",9,22
"991","Germany","Yugoslavia",1998,2,2,"t",22,22
"992","Yugoslavia","Zaire",1974,9,0,"w",0,22
